{
    "Prophet+RNN": {
        "RMSE": 1.4535947880094455,
        "MAE": 1.118018694145155
    },
    "LSTM": {
        "RMSE": 1.5780761094567979,
        "MAE": 1.2129828264444458
    },
    "GRU": {
        "RMSE": 1.4920324876597575,
        "MAE": 1.1403825305085518
    },
    "ARIMA+LSTM": {
        "RMSE": 1.454248102189527,
        "MAE": 1.112109216136837
    }
}